"","Superfamily","Family","Genus","species","TotalBodyMass_mg","HeadWidth_mm","BrM_mg_scaled","Nuclei","StDev","CV"
"1","Formicoidea","Formicidae","Acromyrmex","versicolor",16.38,2.08,0.08,21578,8067,0.37385
"2","Formicoidea","Formicidae","Acromyrmex","versicolor",13.07,2.08,0.1,22208,6782,0.30539
"5","Formicoidea","Formicidae","Acromyrmex","versicolor",5.06,1.99,0.09,55575,19973,0.35938
"6","Formicoidea","Formicidae","Acromyrmex","versicolor",7,2.1,0.09,60288,15020,0.24914
"7","Formicoidea","Formicidae","Acromyrmex","versicolor",5.8,1.88,0.15,66463,21686,0.32629
"8","Formicoidea","Formicidae","Acromyrmex","versicolor",7,2,0.1,68900,17404,0.2526
"9","Formicoidea","Formicidae","Acromyrmex","versicolor",5.83,1.92,0.09,69588,18602,0.26731
"10","Formicoidea","Formicidae","Acromyrmex","versicolor",12.93,2.07,0.13,70245,26157,0.37237
"11","Formicoidea","Formicidae","Acromyrmex","versicolor",2.25,1.44,NA,71775,10930,0.15229
"12","Formicoidea","Formicidae","Acromyrmex","versicolor",1.91,1.44,0.08,73288,22807,0.3112
"14","Formicoidea","Formicidae","Acromyrmex","versicolor",4.93,2.06,0.07,81824,17993,0.21989
"15","Formicoidea","Formicidae","Acromyrmex","versicolor",6.9,1.99,0.14,85275,14531,0.17041
"16","Formicoidea","Formicidae","Acromyrmex","versicolor",5.47,2.08,0.1,90838,24132,0.26567
"17","Formicoidea","Formicidae","Acromyrmex","versicolor",7.71,2.21,0.11,93813,17887,0.19067
"18","Formicoidea","Formicidae","Acromyrmex","versicolor",5.45,1.95,0.11,100750,24417,0.24235
"19","Formicoidea","Formicidae","Acromyrmex","versicolor",5.01,2.03,0.12,115375,38470,0.33343
"20","Formicoidea","Formicidae","Acromyrmex","versicolor",5.9,1.82,0.1,117800,17745,0.15063
"21","Formicoidea","Formicidae","Acromyrmex","versicolor",1.6,1.2,NA,NA,NA,NA
"22","Formicoidea","Formicidae","Acromyrmex","versicolor",4.23,1.78,NA,NA,NA,NA
"23","Formicoidea","Formicidae","Acromyrmex","versicolor",2.02,1.37,NA,NA,NA,NA
"24","Formicoidea","Formicidae","Acromyrmex","versicolor",6.16,2.02,NA,NA,NA,NA
"25","Formicoidea","Formicidae","Acromyrmex","versicolor",2.91,1.52,NA,NA,NA,NA
"26","Formicoidea","Formicidae","Acromyrmex","versicolor",3.9,1.72,NA,NA,NA,NA
"27","Formicoidea","Formicidae","Acromyrmex","versicolor",3.58,1.67,NA,NA,NA,NA
"28","Formicoidea","Formicidae","Acromyrmex","versicolor",5.26,1.99,NA,NA,NA,NA
"29","Formicoidea","Formicidae","Acromyrmex","versicolor",4.06,1.7,NA,NA,NA,NA
"30","Formicoidea","Formicidae","Acromyrmex","versicolor",6.83,1.89,NA,NA,NA,NA
"31","Formicoidea","Formicidae","Acromyrmex","versicolor",6.61,1.92,NA,NA,NA,NA
"32","Formicoidea","Formicidae","Acromyrmex","versicolor",3.14,1.61,NA,NA,NA,NA
"33","Formicoidea","Formicidae","Acromyrmex","versicolor",5.11,1.93,NA,NA,NA,NA
"34","Formicoidea","Formicidae","Acromyrmex","versicolor",3.57,1.67,NA,NA,NA,NA
"35","Formicoidea","Formicidae","Acromyrmex","versicolor",8.42,2.06,NA,NA,NA,NA
"36","Formicoidea","Formicidae","Acromyrmex","versicolor",2.24,1.22,NA,NA,NA,NA
"37","Formicoidea","Formicidae","Acromyrmex","versicolor",6.6,1.84,NA,NA,NA,NA
"38","Formicoidea","Formicidae","Acromyrmex","versicolor",3.34,1.51,NA,NA,NA,NA
"39","Formicoidea","Formicidae","Acromyrmex","versicolor",6.85,1.92,NA,NA,NA,NA
"40","Pompiloidea","Pompilidae","Anoplius","sp.",163,4.61,5.2,NA,NA,NA
"43","Apoidea","Apidae","Apis","mellifera",61.2,3.58,1.85,401700,78168,0.19459
"45","Apoidea","Apidae","Apis","mellifera",68.2,3.72,2.64,497813,97609,0.19607
"46","Apoidea","Apidae","Apis","mellifera",77.1,3.68,2.06,499850,72215,0.14447
"48","Apoidea","Apidae","Apis","mellifera",88.8,3.65,1.96,514800,87424,0.16982
"49","Apoidea","Apidae","Apis","mellifera",57.4,3.76,1.76,515850,57403,0.11128
"50","Apoidea","Apidae","Apis","mellifera",124.5,3.71,2.01,516750,86477,0.16735
"51","Apoidea","Apidae","Apis","mellifera",117.5,3.79,2,525525,87019,0.16558
"53","Apoidea","Apidae","Apis","mellifera",90.4,3.67,2.2,540000,93238,0.17266
"54","Apoidea","Apidae","Apis","mellifera",67.4,3.67,2.4,541500,95886,0.17708
"55","Apoidea","Apidae","Apis","mellifera",66.2,3.68,1.43,556563,95236,0.17111
"56","Apoidea","Apidae","Apis","mellifera",85.8,3.7,2.14,587965,103048,0.17526
"57","Apoidea","Apidae","Apis","mellifera",121.4,3.77,1.88,588900,95773,0.16263
"58","Apoidea","Apidae","Apis","mellifera",58.1,3.61,2.1,625425,160419,0.2565
"60","Apoidea","Apidae","Apis","mellifera",71.8,3.73,1.77,633750,130788,0.20637
"61","Apoidea","Apidae","Apis","mellifera",75.6,3.63,1.98,637725,153511,0.24072
"63","Apoidea","Apidae","Apis","mellifera",77.2,3.77,2.05,666000,58538,0.08789
"64","Apoidea","Apidae","Apis","mellifera",72.4,3.71,2.4,669800,122313,0.18261
"65","Apoidea","Apidae","Apis","mellifera",80.6,3.75,2.64,688870,92210,0.13386
"67","Apoidea","Apidae","Apis","mellifera",84.2,3.66,1.95,737500,167852,0.2276
"68","Apoidea","Apidae","Apis","mellifera",70,3.6,1.7,750750,87703,0.11682
"69","Apoidea","Apidae","Apis","mellifera",67.7,3.9,1.58,819795,127502,0.15553
"70","Apoidea","Apidae","Apis","mellifera",95.3,3.8,2.62,978305,184705,0.1888
"71","Apoidea","Apidae","Apis","mellifera",108,NA,1.88,NA,NA,NA
"72","Apoidea","Apidae","Apis","mellifera",96.3,NA,1.93,NA,NA,NA
"73","Apoidea","Apidae","Apis","mellifera",88.2,3.71,1.96,NA,NA,NA
"74","Apoidea","Apidae","Apis","mellifera",104.5,3.72,2.04,NA,NA,NA
"75","Apoidea","Apidae","Apis","mellifera",66.9,3.76,2.08,NA,NA,NA
"76","Apoidea","Apidae","Apis","mellifera",66.5,3.77,2.13,NA,NA,NA
"77","Apoidea","Apidae","Apis","mellifera",78.7,3.55,2.35,NA,NA,NA
"78","Apoidea","Apidae","Apis","mellifera",68.1,3.6,2.37,NA,NA,NA
"79","Apoidea","Apidae","Apis","mellifera",73.7,3.78,2.46,NA,NA,NA
"80","Apoidea","Apidae","Apis","mellifera",77.1,3.66,2.57,NA,NA,NA
"81","Apoidea","Apidae","Apis","mellifera",111.2,3.72,NA,NA,NA,NA
"82","Apoidea","Apidae","Apis","mellifera",78.5,3.7,NA,NA,NA,NA
"83","Apoidea","Apidae","Apis","mellifera",79.8,3.55,NA,NA,NA,NA
"84","Apoidea","Apidae","Apis","mellifera",66.6,3.66,1.91,NA,NA,NA
"87","Apoidea","Apidae","Apis","mellifera",76.1,3.7,2.2,NA,NA,NA
"88","Apoidea","Apidae","Apis","mellifera",75.1,3.65,1.93,NA,NA,NA
"89","Apoidea","Apidae","Apis","mellifera",73.06,3.94,3.6,NA,NA,NA
"90","Apoidea","Apidae","Apis","mellifera",76.17,3.98,3.91,NA,NA,NA
"104","Apoidea","Halictidae","Augochlorella","sp.",16.7,1.87,0.31,400238,59327,0.14823
"106","Apoidea","Halictidae","Augochlorella","sp.",12,1.64,0.19,458250,107839,0.23533
"109","Apoidea","Halictidae","Augochlorella","sp.",18.6,2.12,0.38,510900,34837,0.06819
"110","Apoidea","Halictidae","Augochlorella","sp.",9.3,1.65,0.23,594263,182398,0.30693
"111","Apoidea","Halictidae","Augochlorella","sp.",10.3,1.8,0.3,597969,72925,0.12195
"112","Apoidea","Halictidae","Augochlorella","sp.",10.4,1.86,0.2,636675,182365,0.28643
"113","Apoidea","Apidae","Bombus","impatiens",NA,2.63,1.38,154305,27362,0.17732
"114","Apoidea","Apidae","Bombus","impatiens",NA,2.78,1.79,205860,26661,0.12951
"116","Apoidea","Apidae","Bombus","impatiens",142,3.74,2.3,256225,43616,0.17022
"117","Apoidea","Apidae","Bombus","impatiens",163.5,3.63,2.75,273800,52362,0.19124
"118","Apoidea","Apidae","Bombus","impatiens",64.3,2.8,1.98,305030,66114,0.21675
"119","Apoidea","Apidae","Bombus","impatiens",109,3.2,1.82,309225,71406,0.23092
"120","Apoidea","Apidae","Bombus","impatiens",22.5,2.53,1.32,312500,38864,0.12437
"121","Apoidea","Apidae","Bombus","impatiens",202.9,4.12,2.2,324750,57992,0.17858
"122","Apoidea","Apidae","Bombus","impatiens",43.86,2.88,0.92,359688,36038,0.10019
"123","Apoidea","Apidae","Bombus","impatiens",74.4,3.05,1.21,368550,58101,0.15765
"124","Apoidea","Apidae","Bombus","impatiens",136.3,3.69,2.63,381150,62873,0.16496
"125","Apoidea","Apidae","Bombus","impatiens",84.2,2.8,1.24,389513,50425,0.12946
"126","Apoidea","Apidae","Bombus","impatiens",NA,3.95,2.8,391875,46215,0.11793
"127","Apoidea","Apidae","Bombus","impatiens",60.75,2.93,0.97,400313,79187,0.19781
"128","Apoidea","Apidae","Bombus","impatiens",78.2,3.24,2.61,403260,31938,0.0792
"129","Apoidea","Apidae","Bombus","impatiens",40.6,2.79,1.81,408900,126095,0.30838
"130","Apoidea","Apidae","Bombus","impatiens",176,3.97,3.32,411825,107358,0.26069
"131","Apoidea","Apidae","Bombus","impatiens",202.9,3.74,2.59,424518,110574,0.26047
"132","Apoidea","Apidae","Bombus","impatiens",116.5,3.41,1.5,426300,97635,0.22903
"133","Apoidea","Apidae","Bombus","impatiens",256.2,4.01,3.02,431618,255981,0.59307
"134","Apoidea","Apidae","Bombus","impatiens",124.3,3.46,1.34,432900,80907,0.1869
"135","Apoidea","Apidae","Bombus","impatiens",168.9,3.86,2.92,435625,78785,0.18086
"136","Apoidea","Apidae","Bombus","impatiens",131.9,3.32,2.56,436000,80305,0.18419
"137","Apoidea","Apidae","Bombus","impatiens",234.8,3.96,3.32,455000,72915,0.16025
"138","Apoidea","Apidae","Bombus","impatiens",225.2,4.09,3.36,456250,72648,0.15923
"139","Apoidea","Apidae","Bombus","impatiens",95.5,3.09,2.39,458498,84226,0.1837
"140","Apoidea","Apidae","Bombus","impatiens",66.8,2.91,1.7,475875,61803,0.12987
"141","Apoidea","Apidae","Bombus","impatiens",134.4,3.32,2.26,487988,57115,0.11704
"142","Apoidea","Apidae","Bombus","impatiens",185.7,4.06,3.46,491250,90772,0.18478
"143","Apoidea","Apidae","Bombus","impatiens",131.1,3.46,2.92,499800,121790,0.24368
"144","Apoidea","Apidae","Bombus","impatiens",117.1,3.48,2.73,501150,145141,0.28962
"145","Apoidea","Apidae","Bombus","impatiens",57,3.72,2.01,503100,75551,0.15017
"146","Apoidea","Apidae","Bombus","impatiens",71.2,3.03,2.01,509850,147724,0.28974
"148","Apoidea","Apidae","Bombus","impatiens",98,2.96,1.86,524875,97289,0.18536
"150","Apoidea","Apidae","Bombus","impatiens",237.7,3.79,3.11,545300,95886,0.17584
"153","Apoidea","Apidae","Bombus","impatiens",301.9,4.18,3.07,561925,54209,0.09647
"154","Apoidea","Apidae","Bombus","impatiens",162,3.68,3.01,564525,107736,0.19084
"157","Apoidea","Apidae","Bombus","impatiens",72.97,2.94,1.8,601300,54467,0.09058
"158","Apoidea","Apidae","Bombus","impatiens",121.8,2.71,1.82,605475,82533,0.13631
"160","Apoidea","Apidae","Bombus","impatiens",187.1,4,2.17,619938,68092,0.10984
"161","Apoidea","Apidae","Bombus","impatiens",187.3,3.75,2.46,633100,96712,0.15276
"162","Apoidea","Apidae","Bombus","impatiens",169.7,3.68,2.35,639600,74424,0.11636
"163","Apoidea","Apidae","Bombus","impatiens",71.5,3.76,1.37,653900,69211,0.10584
"164","Apoidea","Apidae","Bombus","impatiens",109.9,3.53,2.35,655200,116620,0.17799
"165","Apoidea","Apidae","Bombus","impatiens",153.2,3.14,2.55,675675,207207,0.30667
"166","Apoidea","Apidae","Bombus","impatiens",119.2,3.45,1.68,683475,111210,0.16271
"167","Apoidea","Apidae","Bombus","impatiens",118,3.52,2.75,686875,151022,0.21987
"168","Apoidea","Apidae","Bombus","impatiens",107.8,3.46,2.26,687050,90557,0.13181
"170","Apoidea","Apidae","Bombus","impatiens",308.8,4.64,2.8,692250,71204,0.10286
"171","Apoidea","Apidae","Bombus","impatiens",187.5,3.91,2.2,695175,97505,0.14026
"172","Apoidea","Apidae","Bombus","impatiens",225,3.89,1.91,696150,110424,0.15862
"173","Apoidea","Apidae","Bombus","impatiens",165.6,3.76,2.76,700000,97717,0.1396
"174","Apoidea","Apidae","Bombus","impatiens",125.4,3.58,3.01,712725,124645,0.17489
"176","Apoidea","Apidae","Bombus","impatiens",123.6,3.32,2.72,720088,242806,0.33719
"177","Apoidea","Apidae","Bombus","impatiens",348.5,4.75,3.3,720575,91685,0.12724
"178","Apoidea","Apidae","Bombus","impatiens",156.9,3.66,1.94,722475,102512,0.14189
"179","Apoidea","Apidae","Bombus","impatiens",224.7,4.08,3.35,757000,101081,0.13353
"180","Apoidea","Apidae","Bombus","impatiens",123,3.52,2.72,759200,103399,0.13619
"182","Apoidea","Apidae","Bombus","impatiens",275.1,4.47,3.8,774900,104998,0.1355
"183","Apoidea","Apidae","Bombus","impatiens",97,3.49,1.96,785688,128000,0.16291
"185","Apoidea","Apidae","Bombus","impatiens",58.9,3.75,2.03,800475,110447,0.13798
"186","Apoidea","Apidae","Bombus","impatiens",189,3.97,3.32,820000,118603,0.14464
"190","Apoidea","Apidae","Bombus","impatiens",124.3,4.69,2.67,1226225,227424,0.18547
"191","Apoidea","Apidae","Bombus","impatiens",61,2.79,1.8,1231500,170726,0.13863
"193","Apoidea","Apidae","Bombus","impatiens",128.6,3.62,2.45,NA,NA,NA
"194","Apoidea","Apidae","Bombus","impatiens",180.7,3.7,2.86,NA,NA,NA
"195","Apoidea","Apidae","Bombus","impatiens",163.8,3.79,2.91,NA,NA,NA
"196","Apoidea","Apidae","Bombus","impatiens",209,3.94,2.92,NA,NA,NA
"197","Apoidea","Apidae","Bombus","impatiens",187.8,3.83,2.98,NA,NA,NA
"198","Apoidea","Apidae","Bombus","impatiens",217.7,3.98,3.04,NA,NA,NA
"199","Apoidea","Apidae","Bombus","impatiens",113.3,3.17,2.56,NA,NA,NA
"202","Apoidea","Apidae","Bombus","impatiens",155.4,3.67,2.59,NA,NA,NA
"203","Apoidea","Apidae","Bombus","impatiens",168,3.67,2.65,NA,NA,NA
"204","Apoidea","Apidae","Bombus","impatiens",188.6,3.78,2.76,NA,NA,NA
"205","Apoidea","Apidae","Bombus","impatiens",113,2.93,1.32,NA,NA,NA
"210","Apoidea","Apidae","Bombus","impatiens",149,NA,2.07,NA,NA,NA
"211","Apoidea","Apidae","Bombus","impatiens",243,4.24,2.21,NA,NA,NA
"213","Apoidea","Apidae","Bombus","impatiens",94.9,3.17,2.41,NA,NA,NA
"214","Apoidea","Apidae","Bombus","impatiens",221.4,3.82,2.5,NA,NA,NA
"216","Apoidea","Apidae","Bombus","impatiens",201.6,1.94,2.79,NA,NA,NA
"217","Apoidea","Apidae","Bombus","impatiens",226.3,4.01,2.85,NA,NA,NA
"218","Apoidea","Apidae","Bombus","impatiens",153,3.55,2.86,NA,NA,NA
"220","Apoidea","Apidae","Bombus","impatiens",103.3,3.35,NA,NA,NA,NA
"221","Apoidea","Apidae","Bombus","impatiens",62.4,2.85,NA,NA,NA,NA
"222","Apoidea","Apidae","Bombus","impatiens",61.5,2.68,NA,NA,NA,NA
"223","Apoidea","Apidae","Bombus","impatiens",125,3.28,NA,NA,NA,NA
"224","Apoidea","Apidae","Bombus","impatiens",130,3.1,NA,NA,NA,NA
"225","Apoidea","Apidae","Bombus","impatiens",41.45,2.63,1.32,NA,NA,NA
"226","Apoidea","Apidae","Bombus","impatiens",47.52,2.76,1.43,NA,NA,NA
"227","Apoidea","Apidae","Bombus","impatiens",40.5,2.54,1.47,NA,NA,NA
"228","Apoidea","Apidae","Bombus","impatiens",49.37,2.79,1.68,NA,NA,NA
"230","Apoidea","Andrenidae","Calliopsis","sp.",1.99,1.12,0.13,186550,14449,0.07746
"231","Apoidea","Andrenidae","Calliopsis","sp.",2.34,1.06,0.12,207188,58235,0.28107
"232","Apoidea","Andrenidae","Calliopsis","sp.",2.78,1.13,0.08,218725,69457,0.31755
"233","Apoidea","Andrenidae","Calliopsis","sp.",1.96,1.08,0.14,225063,50081,0.22252
"234","Apoidea","Andrenidae","Calliopsis","sp.",2.03,1.17,0.15,244563,37973,0.15527
"235","Apoidea","Andrenidae","Calliopsis","sp.",2.23,1.15,0.13,247000,42939,0.17384
"236","Apoidea","Andrenidae","Calliopsis","sp.",2.58,1.11,0.1,249275,58701,0.23549
"237","Apoidea","Andrenidae","Calliopsis","sp.",2.43,1.12,0.17,257888,60176,0.23334
"238","Apoidea","Andrenidae","Calliopsis","sp.",1.62,NA,0.1,266699,50723,0.19019
"239","Apoidea","Andrenidae","Calliopsis","sp.",2.37,NA,0.18,379763,75103,0.19776
"240","Formicoidea","Formicidae","Camponotus_f","festinatus",7.4,1.1,0.16,51675,10329,0.19988
"241","Formicoidea","Formicidae","Camponotus_f","festinatus",6,1.05,0.11,55900,10920,0.19535
"242","Formicoidea","Formicidae","Camponotus_f","festinatus",15.5,1.51,0.16,63863,21896,0.34286
"243","Formicoidea","Formicidae","Camponotus_f","festinatus",18.1,2.09,0.21,64675,17262,0.2669
"244","Formicoidea","Formicidae","Camponotus_f","festinatus",30.7,2.37,0.19,74090,23011,0.31058
"245","Formicoidea","Formicidae","Camponotus_f","festinatus",39.5,2,0.29,81900,18141,0.2215
"246","Formicoidea","Formicidae","Camponotus_f","festinatus",22.6,2.08,0.22,85365,24375,0.28554
"247","Formicoidea","Formicidae","Camponotus_f","festinatus",44.12,2,0.21,88815,29364,0.33062
"248","Formicoidea","Formicidae","Camponotus_f","festinatus",38.8,2.04,0.22,89435,30888,0.34537
"250","Formicoidea","Formicidae","Camponotus_f","festinatus",34.9,2.01,0.27,92610,24989,0.26983
"251","Formicoidea","Formicidae","Camponotus_f","festinatus",54.4,2.01,0.29,98115,27853,0.28388
"253","Formicoidea","Formicidae","Camponotus_f","festinatus",41.2,1.99,0.26,103793,23554,0.22693
"254","Formicoidea","Formicidae","Camponotus_f","festinatus",21.1,1.77,0.28,107840,17252,0.15998
"255","Formicoidea","Formicidae","Camponotus_f","festinatus",46.5,2.05,0.29,112770,28526,0.25296
"256","Formicoidea","Formicidae","Camponotus_f","festinatus",31.2,2.15,0.27,114240,16852,0.14751
"258","Formicoidea","Formicidae","Camponotus_f","festinatus",24.8,2.4,0.29,119519,18672,0.15623
"259","Formicoidea","Formicidae","Camponotus_f","festinatus",12.8,1.78,0.26,124640,17680,0.14185
"263","Formicoidea","Formicidae","Camponotus_v","vicinus",19.6,1.8,0.4,39000,7622,0.19543
"264","Formicoidea","Formicidae","Camponotus_v","vicinus",22.7,1.7,0.19,44000,9167,0.20833
"265","Formicoidea","Formicidae","Camponotus_v","vicinus",21.4,1.93,0.3,44850,9450,0.21071
"266","Formicoidea","Formicidae","Camponotus_v","vicinus",30,2.32,0.41,49075,12395,0.25256
"267","Formicoidea","Formicidae","Camponotus_v","vicinus",18.5,1.79,0.28,51838,11729,0.22627
"268","Formicoidea","Formicidae","Camponotus_v","vicinus",26.9,2.02,0.35,55250,7545,0.13655
"269","Formicoidea","Formicidae","Camponotus_v","vicinus",17.2,1.74,0.16,56225,12020,0.21378
"270","Formicoidea","Formicidae","Camponotus_v","vicinus",69.2,3.87,0.42,62238,17536,0.28176
"271","Formicoidea","Formicidae","Camponotus_v","vicinus",74.1,3.7,0.65,70525,12800,0.18149
"272","Formicoidea","Formicidae","Camponotus_v","vicinus",29.2,1.77,0.38,71825,9154,0.12745
"273","Formicoidea","Formicidae","Camponotus_v","vicinus",18.3,1.6,0.35,73613,11363,0.15437
"274","Formicoidea","Formicidae","Camponotus_v","vicinus",27.6,1.85,0.42,75625,12451,0.16464
"275","Formicoidea","Formicidae","Camponotus_v","vicinus",14,1.39,0.3,86938,13362,0.15369
"276","Formicoidea","Formicidae","Camponotus_v","vicinus",31.3,2.02,0.39,90750,23262,0.25633
"277","Formicoidea","Formicidae","Camponotus_v","vicinus",23.77,1.58,0.29,91488,11517,0.12589
"278","Formicoidea","Formicidae","Camponotus_v","vicinus",13.1,1.4,0.31,95225,40202,0.42218
"279","Formicoidea","Formicidae","Camponotus_v","vicinus",15,1.48,0.31,101200,24726,0.24433
"280","Formicoidea","Formicidae","Camponotus_v","vicinus",15.6,1.4,0.32,103188,19979,0.19362
"281","Formicoidea","Formicidae","Camponotus_v","vicinus",15.1,1.43,0.22,106975,26958,0.25201
"282","Formicoidea","Formicidae","Camponotus_v","vicinus",17.24,1.55,0.23,109363,18905,0.17286
"283","Formicoidea","Formicidae","Camponotus_v","vicinus",12.1,1.72,0.31,110825,18922,NA
"284","Formicoidea","Formicidae","Camponotus_v","vicinus",70.8,3.8,0.31,146900,19473,0.13256
"285","Formicoidea","Formicidae","Camponotus_v","vicinus",20.5,1.54,0.36,169163,30318,0.17923
"286","Formicoidea","Formicidae","Camponotus_v","vicinus",61.2,3.18,0.5,195975,37561,0.19166
"287","Formicoidea","Formicidae","Camponotus_v","vicinus",50.53,2.61,0.37,324350,68001,0.20965
"288","Formicoidea","Formicidae","Camponotus_v","vicinus",25.1,2.18,0.24,NA,NA,NA
"289","Formicoidea","Formicidae","Camponotus_v","vicinus",26.4,1.86,0.26,NA,NA,NA
"290","Formicoidea","Formicidae","Camponotus_v","vicinus",25.4,2.27,0.29,NA,NA,NA
"291","Formicoidea","Formicidae","Camponotus_v","vicinus",21.8,1.7,0.33,NA,NA,NA
"292","Formicoidea","Formicidae","Camponotus_v","vicinus",24.8,1.93,NA,NA,NA,NA
"294","Formicoidea","Formicidae","Camponotus_v","vicinus",18.5,2.17,0.09,NA,NA,NA
"297","Formicoidea","Formicidae","Camponotus_v","vicinus",11.8,1.45,0.19,NA,NA,NA
"298","Formicoidea","Formicidae","Camponotus_v","vicinus",64.01,3.95,0.2,NA,NA,NA
"299","Formicoidea","Formicidae","Camponotus_v","vicinus",22.1,1.2,0.22,NA,NA,NA
"300","Formicoidea","Formicidae","Camponotus_v","vicinus",13.5,1.42,0.23,NA,NA,NA
"301","Formicoidea","Formicidae","Camponotus_v","vicinus",18.2,1.39,0.23,NA,NA,NA
"302","Formicoidea","Formicidae","Camponotus_v","vicinus",20.1,1.3,0.23,NA,NA,NA
"303","Formicoidea","Formicidae","Camponotus_v","vicinus",24.4,1.61,0.24,NA,NA,NA
"304","Formicoidea","Formicidae","Camponotus_v","vicinus",16.2,1.4,0.27,NA,NA,NA
"305","Formicoidea","Formicidae","Camponotus_v","vicinus",20.8,1.39,0.28,NA,NA,NA
"307","Formicoidea","Formicidae","Camponotus_v","vicinus",14.2,1.35,0.3,NA,NA,NA
"308","Formicoidea","Formicidae","Camponotus_v","vicinus",16.5,1.42,0.31,NA,NA,NA
"309","Formicoidea","Formicidae","Camponotus_v","vicinus",13.4,1.43,0.33,NA,NA,NA
"310","Formicoidea","Formicidae","Camponotus_v","vicinus",12.2,1.22,0.34,NA,NA,NA
"311","Formicoidea","Formicidae","Camponotus_v","vicinus",15.9,1.42,0.34,NA,NA,NA
"312","Formicoidea","Formicidae","Camponotus_v","vicinus",20.8,1.48,0.34,NA,NA,NA
"314","Formicoidea","Formicidae","Camponotus_v","vicinus",72.6,3.12,0.39,NA,NA,NA
"315","Formicoidea","Formicidae","Camponotus_v","vicinus",22.1,1.69,0.55,NA,NA,NA
"316","Formicoidea","Formicidae","Camponotus_v","vicinus",57.2,3.01,NA,NA,NA,NA
"317","Formicoidea","Formicidae","Camponotus_v","vicinus",58.7,2.9,NA,NA,NA,NA
"318","Formicoidea","Formicidae","Camponotus_v","vicinus",17.8,1.46,NA,NA,NA,NA
"319","Formicoidea","Formicidae","Camponotus_v","vicinus",9.7,1.48,NA,NA,NA,NA
"320","Formicoidea","Formicidae","Camponotus_v","vicinus",12,1.35,NA,NA,NA,NA
"321","Formicoidea","Formicidae","Camponotus_v","vicinus",13.8,1.32,NA,NA,NA,NA
"322","Formicoidea","Formicidae","Camponotus_v","vicinus",15.3,1.29,NA,NA,NA,NA
"323","Formicoidea","Formicidae","Camponotus_v","vicinus",16,1.4,NA,NA,NA,NA
"324","Formicoidea","Formicidae","Camponotus_v","vicinus",16,1.41,NA,NA,NA,NA
"325","Formicoidea","Formicidae","Camponotus_v","vicinus",16.2,1.37,NA,NA,NA,NA
"328","Apoidea","Sphecidae","Chalybion","californicus",146.7,5.01,4.38,800470,244832,0.30586
"329","Apoidea","Sphecidae","Chlorion","sp.",58.8,3.4,2.7,NA,NA,NA
"330","Apoidea","Sphecidae","Chlorion","sp.",40.1,3.15,NA,NA,NA,NA
"331","Apoidea","Colletidae","Colletes","sp.",74.8,NA,1.3,NA,NA,NA
"332","Apoidea","Colletidae","Colletes","sp.",67,3.65,1.3,NA,NA,NA
"333","Apoidea","Colletidae","Colletes","sp.",92.67,3.74,1.4,NA,NA,NA
"334","Apoidea","Colletidae","Colletes","sp.",76.27,3.6,1.4,NA,NA,NA
"335","Apoidea","Colletidae","Colletes","sp.",80.16,3.68,1.4,NA,NA,NA
"336","Apoidea","Colletidae","Colletes","sp.",65.92,3.68,1.5,NA,NA,NA
"337","Apoidea","Colletidae","Colletes","sp.",68.45,3.56,NA,NA,NA,NA
"345","Tenthredinoidea","Diprionidae","Diprion","similis",52.41,2.56,0.47,NA,NA,NA
"346","Tenthredinoidea","Diprionidae","Diprion","similis",54.82,2.59,0.52,NA,NA,NA
"347","Tenthredinoidea","Diprionidae","Diprion","similis",49.7,2.58,0.57,NA,NA,NA
"348","Formicoidea","Formicidae","Dorymyrmex","bicolor",1.2,0.91,0.09,40625,8277,0.20374
"349","Formicoidea","Formicidae","Dorymyrmex","bicolor",0.9,0.94,0.08,44038,11502,0.26119
"350","Formicoidea","Formicidae","Dorymyrmex","bicolor",1.05,0.95,NA,48469,5814,0.11995
"351","Formicoidea","Formicidae","Dorymyrmex","bicolor",1.1,0.91,0.09,49563,8007,0.16155
"352","Formicoidea","Formicidae","Dorymyrmex","bicolor",1.3,0.81,0.06,54275,14397,0.26525
"353","Formicoidea","Formicidae","Dorymyrmex","bicolor",2.4,0.91,0.08,55250,11414,0.20658
"354","Formicoidea","Formicidae","Dorymyrmex","bicolor",1.4,0.88,0.07,55611,12234,0.21999
"355","Formicoidea","Formicidae","Dorymyrmex","bicolor",0.9,0.9,0.08,57038,9913,0.17379
"356","Formicoidea","Formicidae","Dorymyrmex","bicolor",0.8,0.89,0.06,57688,12215,0.21174
"357","Formicoidea","Formicidae","Dorymyrmex","bicolor",1.7,0.93,0.06,68575,16744,0.24418
"358","Formicoidea","Formicidae","Dorymyrmex","bicolor",1.3,0.88,0.07,68575,13827,0.20163
"372","Formicoidea","Formicidae","Formica","fusca",6.5,1.22,0.13,25188,7746,0.30753
"373","Formicoidea","Formicidae","Formica","fusca",8.8,1.38,0.12,28438,6044,0.21253
"374","Formicoidea","Formicidae","Formica","fusca",5.5,1.22,0.17,38025,10081,0.26512
"375","Formicoidea","Formicidae","Formica","fusca",7.9,1.34,0.12,39325,10553,0.26835
"376","Formicoidea","Formicidae","Formica","fusca",8.7,1.42,0.13,40625,11567,0.28473
"377","Formicoidea","Formicidae","Formica","fusca",7,1.32,0.21,41600,11922,0.28659
"378","Formicoidea","Formicidae","Formica","fusca",6.7,1.19,0.11,45663,12965,0.28393
"379","Formicoidea","Formicidae","Formica","fusca",8.3,1.41,0.19,52488,9721,0.1852
"380","Formicoidea","Formicidae","Formica","fusca",7.5,1.31,0.13,53300,7137,0.1339
"381","Formicoidea","Formicidae","Formica","fusca",5,1.14,0.18,55250,10833,0.19607
"382","Formicoidea","Formicidae","Formica","fusca",7.6,1.43,0.21,60450,15826,0.2618
"383","Formicoidea","Formicidae","Formica","fusca",5.5,1.2,0.16,77675,18619,0.2397
"384","Formicoidea","Formicidae","Formica","fusca",7.4,1.38,0.15,91325,18698,0.20474
"385","Formicoidea","Formicidae","Formica","fusca",3.7,1.07,0.09,NA,NA,NA
"386","Formicoidea","Formicidae","Formica","fusca",4.2,1.12,0.15,NA,NA,NA
"387","Formicoidea","Formicidae","Formica","fusca",3.6,1.04,0.15,NA,NA,NA
"388","Formicoidea","Formicidae","Formica","fusca",3.75,1.06,0.15,NA,NA,NA
"389","Formicoidea","Formicidae","Formica","fusca",3.3,1.07,0.18,NA,NA,NA
"390","Formicoidea","Formicidae","Formica","fusca",4.32,1.04,0.18,NA,NA,NA
"391","Formicoidea","Formicidae","Formica","fusca",3.9,1.03,0.2,NA,NA,NA
"392","Formicoidea","Formicidae","Formica","fusca",2.18,1.62,0.22,NA,NA,NA
"393","Formicoidea","Formicidae","Formica","fusca",2.29,1.67,0.25,NA,NA,NA
"394","Apoidea","Megachilidae","Heriades","sp.",21.82,2.17,0.7,204425,53736,0.26286
"395","Apoidea","Megachilidae","Heriades","sp.",15.57,2.04,0.5,233350,39331,0.16855
"400","Apoidea","Megachilidae","Heriades","sp.",17.51,2.07,0.66,436150,80805,0.18527
"413","Apoidea","Sphecidae","Isodontia","sphecidae",110.8,4.07,3.19,1137300,150183,0.13205
"414","Apoidea","Halictidae","Lasioglossum","sp.",3.19,1.41,0.23,169000,54367,0.3217
"416","Apoidea","Halictidae","Lasioglossum","sp.",6.06,1.52,0.26,182488,48822,0.26754
"417","Apoidea","Halictidae","Lasioglossum","sp.",7.82,1.7,0.48,205238,53398,0.26018
"420","Apoidea","Halictidae","Lasioglossum","sp.",13.8,1.91,0.43,369038,44095,0.11949
"427","Cynipoidea","Figitidae","Leptopilina","spp. ",0.23,NA,NA,25009,30676,0.24532
"428","Cynipoidea","Figitidae","Leptopilina","spp. ",0.21,NA,NA,27231,17556,0.12894
"429","Cynipoidea","Figitidae","Leptopilina","spp. ",0.29,NA,NA,27949,24199,0.17317
"430","Cynipoidea","Figitidae","Leptopilina","spp. ",0.23,NA,NA,31538,17088,0.10837
"435","Apoidea","Megachilidae","Megachile","sp.",87,4.46,2.2,NA,NA,NA
"436","Apoidea","Megachilidae","Megachile","sp.",91.9,4.45,2.8,NA,NA,NA
"437","Apoidea","Megachilidae","Megachile","sp.",88.6,4.45,2.8,NA,NA,NA
"439","Apoidea","Apidae","Melissodes","sp.",60.7,3.73,0.63,494650,40587,0.08205
"440","Formicoidea","Formicidae","Melissotarsus","sp.",NA,NA,NA,5329,2920,0.54795
"441","Formicoidea","Formicidae","Melissotarsus","sp.",NA,NA,NA,5525,2447,0.44281
"447","Tenthredinoidea","Diprionidae","Neodiprion","virginianus",50.14,2.23,0.33,150800,25531,0.1693
"448","Tenthredinoidea","Diprionidae","Neodiprion","virginianus",54.76,2.23,0.32,150963,21110,0.13984
"449","Tenthredinoidea","Diprionidae","Neodiprion","virginianus",68.21,2.45,0.41,165263,31871,0.19285
"450","Tenthredinoidea","Diprionidae","Neodiprion","virginianus",54.01,2.25,0.28,166238,19456,0.11703
"451","Tenthredinoidea","Diprionidae","Neodiprion","virginianus",71.98,2.41,0.27,196463,42419,0.21592
"452","Tenthredinoidea","Diprionidae","Neodiprion","virginianus",57.27,2.24,0.32,212550,61787,0.29069
"453","Tenthredinoidea","Diprionidae","Neodiprion","virginianus",54.92,2.21,0.35,229450,86520,0.37708
"454","Tenthredinoidea","Diprionidae","Neodiprion","virginianus",43.63,2.23,0.25,235200,42629,0.18125
"463","Tenthredinoidea","Diprionidae","Neodiprion","virginianus",57.56,2.36,0.25,NA,NA,NA
"467","Formicoidea","Formicidae","Novomessor_a","albisetosus",NA,1.75,0.14,50375,NA,NA
"468","Formicoidea","Formicidae","Novomessor_a","albisetosus",NA,1.64,0.12,56875,NA,NA
"470","Formicoidea","Formicidae","Novomessor_a","albisetosus",NA,1.74,0.16,70417,NA,NA
"471","Formicoidea","Formicidae","Novomessor_a","albisetosus",NA,1.82,0.14,84500,NA,NA
"472","Formicoidea","Formicidae","Novomessor_a","albisetosus",NA,1.78,0.14,87125,NA,NA
"473","Formicoidea","Formicidae","Novomessor_a","albisetosus",NA,1.76,0.15,92625,NA,NA
"474","Formicoidea","Formicidae","Novomessor_a","albisetosus",NA,1.75,0.1,93167,NA,NA
"475","Formicoidea","Formicidae","Novomessor_a","albisetosus",NA,1.84,0.16,106438,NA,NA
"476","Formicoidea","Formicidae","Novomessor_a","albisetosus",NA,1.93,0.13,109958,NA,NA
"477","Formicoidea","Formicidae","Novomessor_a","albisetosus",NA,1.76,0.12,114292,NA,NA
"478","Formicoidea","Formicidae","Novomessor_a","albisetosus",NA,1.83,0.12,139208,NA,NA
"479","Formicoidea","Formicidae","Novomessor_c","cockerelli",16.6,1.87,0.15,18750,7525,0.40133
"480","Formicoidea","Formicidae","Novomessor_c","cockerelli",15.3,1.88,0.15,24050,9531,0.39629
"481","Formicoidea","Formicidae","Novomessor_c","cockerelli",15.2,1.88,0.15,25250,6791,0.26893
"482","Formicoidea","Formicidae","Novomessor_c","cockerelli",19.2,1.99,0.19,26400,5054,0.19145
"485","Formicoidea","Formicidae","Novomessor_c","cockerelli",19.9,2,0.21,38675,5973,0.15444
"487","Formicoidea","Formicidae","Novomessor_c","cockerelli",13,1.72,0.13,43063,12118,0.2814
"488","Formicoidea","Formicidae","Novomessor_c","cockerelli",15,1.8,0.17,43875,10968,0.24998
"489","Formicoidea","Formicidae","Novomessor_c","cockerelli",18,1.74,0.15,44200,8523,0.19283
"491","Formicoidea","Formicidae","Novomessor_c","cockerelli",15.09,1.77,0.09,45500,14775,0.32473
"492","Formicoidea","Formicidae","Novomessor_c","cockerelli",15,1.84,0.16,46638,10135,0.21731
"493","Formicoidea","Formicidae","Novomessor_c","cockerelli",18,1.89,0.16,48425,10963,0.22638
"496","Formicoidea","Formicidae","Novomessor_c","cockerelli",15.9,1.9,0.16,54438,10170,0.18682
"497","Formicoidea","Formicidae","Novomessor_c","cockerelli",17.12,1.9,0.18,54438,12263,0.22527
"498","Formicoidea","Formicidae","Novomessor_c","cockerelli",17,1.69,0.09,54600,12380,0.22674
"499","Formicoidea","Formicidae","Novomessor_c","cockerelli",44.04,2.31,0.16,55088,9333,0.16942
"503","Formicoidea","Formicidae","Novomessor_c","cockerelli",15.9,1.84,0.14,58838,8420,0.1431
"505","Formicoidea","Formicidae","Novomessor_c","cockerelli",12.6,1.89,0.12,60288,13756,0.22817
"506","Formicoidea","Formicidae","Novomessor_c","cockerelli",NA,1.87,0.22,60938,NA,NA
"507","Formicoidea","Formicidae","Novomessor_c","cockerelli",16.56,1.82,0.21,61263,11869,0.19374
"508","Formicoidea","Formicidae","Novomessor_c","cockerelli",NA,1.82,0.15,61750,NA,NA
"511","Formicoidea","Formicidae","Novomessor_c","cockerelli",15,1.87,0.14,63375,12254,0.19336
"512","Formicoidea","Formicidae","Novomessor_c","cockerelli",15,1.83,0.15,63375,18464,0.29135
"513","Formicoidea","Formicidae","Novomessor_c","cockerelli",16.4,1.96,0.2,63375,15995,0.25239
"514","Formicoidea","Formicidae","Novomessor_c","cockerelli",15.03,1.62,0.18,65163,8682,0.13324
"517","Formicoidea","Formicidae","Novomessor_c","cockerelli",NA,1.86,0.14,71500,NA,NA
"519","Formicoidea","Formicidae","Novomessor_c","cockerelli",NA,1.87,0.22,72188,NA,NA
"520","Formicoidea","Formicidae","Novomessor_c","cockerelli",14.2,1.9,0.12,72313,8743,0.1209
"521","Formicoidea","Formicidae","Novomessor_c","cockerelli",14,1.86,0.15,73288,17509,0.23891
"522","Formicoidea","Formicidae","Novomessor_c","cockerelli",12.3,1.78,0.18,74263,13357,0.17987
"523","Formicoidea","Formicidae","Novomessor_c","cockerelli",11,1.9,0.12,76538,16982,0.22188
"524","Formicoidea","Formicidae","Novomessor_c","cockerelli",34.62,2.09,0.21,77350,14619,0.189
"525","Formicoidea","Formicidae","Novomessor_c","cockerelli",14.6,1.83,0.11,78075,14992,0.19203
"526","Formicoidea","Formicidae","Novomessor_c","cockerelli",19.7,1.96,0.18,80438,12148,0.15102
"527","Formicoidea","Formicidae","Novomessor_c","cockerelli",13.1,1.9,0.22,82063,12570,0.15317
"528","Formicoidea","Formicidae","Novomessor_c","cockerelli",17,1.82,0.12,82225,13184,0.16034
"529","Formicoidea","Formicidae","Novomessor_c","cockerelli",22.1,2,0.19,83700,20459,0.24443
"530","Formicoidea","Formicidae","Novomessor_c","cockerelli",15.6,1.94,0.15,84338,14823,0.17576
"531","Formicoidea","Formicidae","Novomessor_c","cockerelli",12.2,1.77,0.17,84988,11794,0.13878
"532","Formicoidea","Formicidae","Novomessor_c","cockerelli",NA,1.93,0.24,91813,NA,NA
"533","Formicoidea","Formicidae","Novomessor_c","cockerelli",12.8,1.85,0.14,109525,34311,0.31327
"534","Formicoidea","Formicidae","Novomessor_c","cockerelli",NA,1.84,0.16,119438,NA,NA
"535","Formicoidea","Formicidae","Novomessor_c","cockerelli",13.7,1.72,0.11,NA,NA,NA
"536","Formicoidea","Formicidae","Novomessor_c","cockerelli",14.5,1.91,0.13,NA,NA,NA
"537","Formicoidea","Formicidae","Novomessor_c","cockerelli",16.6,1.92,0.13,NA,NA,NA
"538","Formicoidea","Formicidae","Novomessor_c","cockerelli",15.5,1.72,0.15,NA,NA,NA
"539","Formicoidea","Formicidae","Novomessor_c","cockerelli",15.9,1.68,0.15,NA,NA,NA
"540","Formicoidea","Formicidae","Novomessor_c","cockerelli",15.3,1.9,0.16,NA,NA,NA
"541","Formicoidea","Formicidae","Novomessor_c","cockerelli",19,2.06,0.16,NA,NA,NA
"542","Formicoidea","Formicidae","Novomessor_c","cockerelli",16,1.9,0.17,NA,NA,NA
"543","Formicoidea","Formicidae","Novomessor_c","cockerelli",19.5,1.97,0.17,NA,NA,NA
"544","Formicoidea","Formicidae","Novomessor_c","cockerelli",16.8,1.92,0.19,NA,NA,NA
"545","Formicoidea","Formicidae","Novomessor_c","cockerelli",16.9,1.93,0.19,NA,NA,NA
"546","Formicoidea","Formicidae","Novomessor_c","cockerelli",14.6,1.83,0.11,NA,NA,NA
"547","Formicoidea","Formicidae","Novomessor_c","cockerelli",13.9,1.83,0.13,NA,NA,NA
"548","Formicoidea","Formicidae","Novomessor_c","cockerelli",12.3,1.8,0.15,NA,NA,NA
"549","Formicoidea","Formicidae","Novomessor_c","cockerelli",15.4,1.93,0.16,NA,NA,NA
"550","Formicoidea","Formicidae","Novomessor_c","cockerelli",19.6,1.95,0.17,NA,NA,NA
"551","Formicoidea","Formicidae","Novomessor_c","cockerelli",12.5,1.68,0.11,NA,NA,NA
"552","Formicoidea","Formicidae","Novomessor_c","cockerelli",16.2,1.69,0.25,NA,NA,NA
"553","Formicoidea","Formicidae","Odontomachus","clarus",11.36,2,0.25,185413,36757,0.19825
"554","Formicoidea","Formicidae","Odontomachus","clarus",13.04,2.1,0.32,191475,51451,0.26871
"555","Formicoidea","Formicidae","Odontomachus","clarus",12.89,2.15,0.24,203288,64024,0.31494
"556","Formicoidea","Formicidae","Odontomachus","clarus",13.97,2.1,0.29,217425,31293,0.14393
"557","Formicoidea","Formicidae","Odontomachus","clarus",9.8,2,0.28,247488,46242,0.18685
"560","Ichneumonoidea","Ichneumonidae","Ophion","spp.",22.1,1.79,0.59,310275,63998,0.20626
"566","Pompiloidea","Pompilidae","Pepsis","thisbe",1265,6.98,8.63,1761300,259317,0.14723
"567","Pompiloidea","Pompilidae","Pepsis","thisbe",763.5,5.78,6.8,NA,NA,NA
"568","Pompiloidea","Pompilidae","Pepsis","thisbe",894,6.2,6.99,NA,NA,NA
"570","Apoidea","Andrenidae","Perdita","spp.",3.15,1.26,0.15,207838,43714,0.21033
"572","Apoidea","Andrenidae","Perdita","spp.",2.7,1.31,0.15,264875,35889,0.1355
"573","Apoidea","Andrenidae","Perdita","spp.",3.16,1.34,0.16,350838,58782,0.16755
"574","Ichneumonoidea","Ichneumonidae","Pimpla","sp.",9,1.87,0.33,227188,73007,0.32135
"575","Ichneumonoidea","Ichneumonidae","Pimpla","sp.",30,2.1,0.6,240000,52721,0.21967
"576","Ichneumonoidea","Ichneumonidae","Pimpla","sp.",36,2.18,0.71,268750,37960,0.14125
"577","Ichneumonoidea","Ichneumonidae","Pimpla","sp.",27,2.16,0.53,268800,49275,0.18331
"578","Ichneumonoidea","Ichneumonidae","Pimpla","sp.",33,2.45,0.47,299063,64618,0.21607
"579","Formicoidea","Formicidae","Pogonomyrmex_m","maricopa",8.7,1.91,0.07,NA,NA,NA
"580","Formicoidea","Formicidae","Pogonomyrmex_m","maricopa",7.7,1.8,0.08,NA,NA,NA
"581","Formicoidea","Formicidae","Pogonomyrmex_m","maricopa",7.6,1.89,0.08,NA,NA,NA
"582","Formicoidea","Formicidae","Pogonomyrmex_m","maricopa",8.2,1.92,0.09,NA,NA,NA
"583","Formicoidea","Formicidae","Pogonomyrmex_m","maricopa",7.4,1.8,0.1,NA,NA,NA
"584","Formicoidea","Formicidae","Pogonomyrmex_m","maricopa",9.6,1.92,0.1,NA,NA,NA
"585","Formicoidea","Formicidae","Pogonomyrmex_m","maricopa",7.7,1.78,0.1,NA,NA,NA
"586","Formicoidea","Formicidae","Pogonomyrmex_m","maricopa",7.76,1.88,0.1,NA,NA,NA
"587","Formicoidea","Formicidae","Pogonomyrmex_m","maricopa",7.9,1.82,0.12,NA,NA,NA
"588","Formicoidea","Formicidae","Pogonomyrmex_m","maricopa",5.9,1.75,0.13,NA,NA,NA
"589","Formicoidea","Formicidae","Pogonomyrmex_m","maricopa",8.2,1.8,0.16,NA,NA,NA
"590","Formicoidea","Formicidae","Pogonomyrmex_r","rugosus",13,2.15,0.24,54763,9871,0.18025
"591","Formicoidea","Formicidae","Pogonomyrmex_r","rugosus",12.8,2.1,0.22,66463,12099,0.18204
"592","Formicoidea","Formicidae","Pogonomyrmex_r","rugosus",13.4,2.04,0.15,71825,7259,0.10107
"593","Formicoidea","Formicidae","Pogonomyrmex_r","rugosus",12.2,2.13,0.19,73125,20598,0.28168
"594","Formicoidea","Formicidae","Pogonomyrmex_r","rugosus",10.6,2.06,0.19,76538,12897,0.1685
"595","Vespoidea","Vespidae","Polistes_a","arizonensis",74,3.46,2.26,228313,92928,0.40702
"596","Vespoidea","Vespidae","Polistes_a","arizonensis",67,3.29,2.32,230750,80676,0.34963
"597","Vespoidea","Vespidae","Polistes_a","arizonensis",85,3.27,2.07,286813,109505,0.3818
"598","Vespoidea","Vespidae","Polistes_a","arizonensis",93,3.48,1.84,300625,63910,0.21259
"599","Vespoidea","Vespidae","Polistes_a","arizonensis",79,3.43,2.37,302250,57268,0.18947
"600","Vespoidea","Vespidae","Polistes_a","arizonensis",52,3.23,2.8,304688,88867,0.29167
"601","Vespoidea","Vespidae","Polistes_a","arizonensis",71,3.2,2.31,333938,125573,0.37604
"602","Vespoidea","Vespidae","Polistes_a","arizonensis",71,3.38,1.73,351000,107692,0.30681
"603","Vespoidea","Vespidae","Polistes_a","arizonensis",91,3.53,2.25,377000,51929,0.13774
"604","Vespoidea","Vespidae","Polistes_a","arizonensis",88,3.35,2.04,454188,115833,0.25503
"605","Vespoidea","Vespidae","Polistes_a","arizonensis",85,3.49,2.32,480188,125269,0.26087
"606","Vespoidea","Vespidae","Polistes_a","arizonensis",92,3.13,2.34,505700,68296,0.13505
"607","Vespoidea","Vespidae","Polistes_a","arizonensis",93,3.5,2.4,510250,110767,0.21708
"608","Vespoidea","Vespidae","Polistes_a","arizonensis",98,3.77,2.68,577688,189706,0.32839
"609","Vespoidea","Vespidae","Polistes_a","arizonensis",52.9,3.79,1.53,579150,70969,0.12254
"610","Vespoidea","Vespidae","Polistes_a","arizonensis",77,3.33,2.24,580938,96541,0.16618
"612","Vespoidea","Vespidae","Polistes_a","arizonensis",77,3.24,2.27,623700,90642,0.14533
"613","Vespoidea","Vespidae","Polistes_a","arizonensis",104,3.54,2.04,675350,95944,0.14207
"614","Vespoidea","Vespidae","Polistes_a","arizonensis",71.2,3.54,1.45,723450,88173,0.12188
"615","Vespoidea","Vespidae","Polistes_a","arizonensis",72,3.16,2.04,787313,130982,0.16637
"616","Vespoidea","Vespidae","Polistes_a","arizonensis",66.3,3.67,1.49,835900,158809,0.18999
"618","Vespoidea","Vespidae","Polistes_a","arizonensis",55,3.25,2.12,961000,107387,0.11175
"619","Vespoidea","Vespidae","Polistes_a","arizonensis",77.6,3.38,1.89,1373875,194215,0.14136
"620","Vespoidea","Vespidae","Polistes_a","arizonensis",90.7,3.63,2.55,NA,NA,NA
"621","Vespoidea","Vespidae","Polistes_a","arizonensis",90.7,3.63,2.55,NA,NA,NA
"625","Vespoidea","Vespidae","Polistes_a","arizonensis",82.3,3.42,2.4,NA,NA,NA
"626","Vespoidea","Vespidae","Polistes_a","arizonensis",83,3.48,2.5,NA,NA,NA
"627","Vespoidea","Vespidae","Polistes_a","arizonensis",107.3,3.64,2.8,NA,NA,NA
"630","Vespoidea","Vespidae","Polistes","comanchus",156.4,3.97,NA,NA,NA,NA
"631","Vespoidea","Vespidae","Polistes_f","flavus",112.4,3.44,3.62,467500,108205,0.23145
"634","Vespoidea","Vespidae","Polistes_f","flavus",179.9,4.09,4.21,729000,302809,0.41538
"635","Vespoidea","Vespidae","Polistes_f","flavus",159.7,4.15,4.08,784000,110975,0.14155
"636","Vespoidea","Vespidae","Polistes_f","flavus",117.7,3.78,2.55,815000,86410,0.10602
"637","Vespoidea","Vespidae","Polistes_f","flavus",182.5,4.18,3.51,845500,135328,0.16006
"638","Vespoidea","Vespidae","Polistes_f","flavus",214.9,4.38,4.2,883000,82603,0.09355
"639","Vespoidea","Vespidae","Polistes_f","flavus",160.2,4.08,3.82,893500,419292,0.46927
"640","Vespoidea","Vespidae","Polistes_f","flavus",122.7,4.01,3.24,897500,135365,0.15082
"641","Vespoidea","Vespidae","Polistes_f","flavus",155.4,4.08,3.43,919500,233921,0.2544
"642","Vespoidea","Vespidae","Polistes_f","flavus",247,4.5,4.7,924000,162563,0.17593
"643","Vespoidea","Vespidae","Polistes_f","flavus",148.2,3.86,3.02,929000,147720,0.15901
"644","Vespoidea","Vespidae","Polistes_f","flavus",143,4.08,3.91,966000,100687,0.10423
"645","Vespoidea","Vespidae","Polistes_f","flavus",266.4,4.6,5.29,1067000,143298,0.1343
"646","Vespoidea","Vespidae","Polistes_f","flavus",121.8,4.06,2.48,1081500,153099,0.14156
"647","Vespoidea","Vespidae","Polistes_f","flavus",196.2,4.43,4.96,1117000,137198,0.12283
"648","Vespoidea","Vespidae","Polistes_f","flavus",169.9,4.14,3.25,1188500,219394,0.1846
"649","Vespoidea","Vespidae","Polistes_f","flavus",196.1,4.25,4.18,1267500,116910,0.09224
"650","Vespoidea","Vespidae","Polistes_f","flavus",131.1,3.92,3.96,1314500,160718,0.12227
"651","Vespoidea","Vespidae","Polistes_f","flavus",119.5,3.82,2.6,1350900,142836,0.10573
"652","Vespoidea","Vespidae","Polistes_f","flavus",123.5,3.95,2.94,1398000,171888,0.12295
"653","Vespoidea","Vespidae","Polistes_f","flavus",157.8,3.89,3.76,NA,NA,NA
"656","Vespoidea","Vespidae","Polistes_f","flavus",195,4.43,3.01,NA,NA,NA
"658","Apoidea","Sphecidae","Prionyx","sp.",47.3,3.2,2.6,NA,NA,NA
"661","Apoidea","Sphecidae","Sceliphron","caementarium",101.5,4.32,4.11,1291500,200626,0.15534
"662","Apoidea","Sphecidae","Sceliphron","caementarium",90,4.2,4.03,1609250,471277,0.29286
"665","Apoidea","Sphecidae","Sceliphron","caementarium",86.2,4.02,2.95,NA,NA,NA
"666","Apoidea","Sphecidae","Sceliphron","caementarium",95.1,4.16,4.44,NA,NA,NA
"667","Apoidea","Sphecidae","Sceliphron","caementarium",104.22,4.06,NA,NA,NA,NA
"669","Apoidea","Sphecidae","Sceliphron","caementarium",81.5,4.08,2.9,NA,NA,NA
"670","Apoidea","Sphecidae","Sceliphron","caementarium",93,4.13,3.9,NA,NA,NA
"671","Apoidea","Sphecidae","Sceliphron","caementarium",100.5,4.12,4.8,NA,NA,NA
"672","Apoidea","Crabronidae","Sphecius","corvallis",547.4,6.28,11.7,858600,220013,0.25625
"675","Ichneumonoidea","Ichneumonidae","Spilichneumon","sp.",56,2.35,0.47,90025,37996,0.42206
"676","Ichneumonoidea","Ichneumonidae","Spilichneumon","sp.",45,2.2,0.56,202800,30380,0.1498
"678","Ichneumonoidea","Ichneumonidae","Spilichneumon","sp.",57,2.32,0.82,228475,37380,0.16361
"679","Ichneumonoidea","Ichneumonidae","Spilichneumon","sp.",57,2.4,0.59,230750,46772,0.2027
"681","Vespoidea","Vespidae","Stenodynerous","sp.",17.53,2.28,0.82,657455,81068,0.12331
"682","Vespoidea","Vespidae","Stenodynerous","sp.",16.48,1.85,0.61,841020,206171,0.24514
"683","Vespoidea","Vespidae","Stenodynerous","sp.",10.26,1.74,0.5,NA,NA,NA
"684","Vespoidea","Vespidae","Stenodynerous","sp.",17.92,1.85,0.59,NA,NA,NA
"685","Apoidea","Apidae","Tetraloniella","sp.",24.61,2.6,0.67,NA,NA,NA
"686","Apoidea","Apidae","Tetraloniella","sp.",26.46,2.59,0.8,NA,NA,NA
"687","Apoidea","Apidae","Tetraloniella","sp.",22.74,2.64,0.83,NA,NA,NA
"688","Apoidea","Apidae","Tetraloniella","sp.",27.5,2.66,0.89,NA,NA,NA
"691","Vespoidea","Vespidae","Vespa","vulgaris",53.7,3.62,2.37,NA,NA,NA
"694","Apoidea","Apidae","Xylocopa","californica",855.2,7.61,4.9,1037400,168700,0.16262
"695","Apoidea","Apidae","Xylocopa","californica",805.5,7.2,5.66,1039700,149356,0.14365
"696","Apoidea","Apidae","Xylocopa","californica",929.4,7.79,6.3,1044225,201337,0.19281
"699","Apoidea","Apidae","Xylocopa","californica",714.7,7.65,6.06,1130675,181383,0.16042
"700","Apoidea","Apidae","Xylocopa","californica",804.4,7.31,5.19,1142050,204834,0.17936
"702","Apoidea","Apidae","Xylocopa","californica",833.8,7.39,3.96,1168213,174338,0.14923
"703","Apoidea","Apidae","Xylocopa","californica",776.5,7.1,6.2,1169350,215078,0.18393
"706","Apoidea","Apidae","Xylocopa","californica",905,7.64,6.08,1267500,151600,0.11961
"710","Apoidea","Apidae","Xylocopa","californica",421.9,6.59,4.69,1349075,190053,0.14088
"712","Apoidea","Apidae","Xylocopa","californica",753.3,7.67,4.39,1460550,245213,0.16789
"725","Apoidea","Apidae","Xylocopa","californica",800.37,7.48,5.9,NA,NA,NA
"729","Apoidea","Apidae","Xylocopa","californica",802.3,7.38,NA,NA,NA,NA
"735","Apoidea","Apidae","Xylocopa","californica",744.7,7.3,8.3,NA,NA,NA
